시도명,관심주제,정책명,링크
전국,정신건강,치매검사비 지원,https://www.bokjiro.go.kr/ssis-tbu/twataa/wlfareInfo/moveTWAT52011M.do?wlfareInfoId=WLF00005004&wlfareInfoReldBztpCd=01
전국,신체건강,암검진사업,https://www.bokjiro.go.kr/ssis-teu/twataa/wlfareInfo/moveTWAT52011M.do?wlfareInfoId=WLF00001176
전국,주거,폭력피해여성 주거지원 사업,https://www.bokjiro.go.kr/ssis-teu/twataa/wlfareInfo/moveTWAT52011M.do?wlfareInfoId=WLF00001101
전국,에너지,에너지바우처,https://www.bokjiro.go.kr/ssis-tbu/twataa/wlfareInfo/moveTWAT52011M.do?wlfareInfoId=WLF00000072
전국,주거,기존주택등 매입임대주택 지원사업,https://www.bokjiro.go.kr/ssis-tbu/twataa/wlfareInfo/moveTWAT52011M.do?wlfareInfoId=WLF00001672
전국,생활지원,기초연금,https://www.bokjiro.go.kr/ssis-tbu/twataa/wlfareInfo/moveTWAT52011M.do?wlfareInfoId=WLF00001164
전국,기타,장애인 운전교육 사업,https://www.bokjiro.go.kr/ssis-teu/twataa/wlfareInfo/moveTWAT52011M.do?wlfareInfoId=WLF00000027
전국,서민금융,장애인자립자금대여,https://www.bokjiro.go.kr/ssis-teu/twataa/wlfareInfo/moveTWAT52011M.do?wlfareInfoId=WLF00000026
전국,생활지원,장애수당,https://www.bokjiro.go.kr/ssis-tbu/twataa/wlfareInfo/moveTWAT52011M.do?wlfareInfoId=WLF00003265
전국,생활지원,장애인연금,https://www.bokjiro.go.kr/pension
전국,일자리,노인일자리 및 사회활동 지원사업,https://www.bokjiro.go.kr/ssis-tbu/twataa/wlfareInfo/moveTWAT52011M.do?wlfareInfoId=WLF00001155
전국,신체건강,인플루엔자 국가예방접종 지원사업,https://www.bokjiro.go.kr/ssis-tbu/twataa/wlfareInfo/moveTWAT52011M.do?wlfareInfoId=WLF00003213&wlfareInfoReldBztpCd=01
전국,일자리,장애인취업성공패키지,https://www.bokjiro.go.kr/ssis-tbu/twataa/wlfareInfo/moveTWAT52011M.do?wlfareInfoId=WLF00004655
전국,신체건강,저소득장애인 진단서 발급비 및 검사비 지원사업,https://www.bokjiro.go.kr/ssis-tbu/twataa/wlfareInfo/moveTWAT52011M.do?wlfareInfoId=WLF00000099&wlfareInfoReldBztpCd=01
전국,보호·돌봄,긴급돌봄 지원사업,https://www.bokjiro.go.kr/ssis-tbu/twataa/wlfareInfo/moveTWAT52011M.do?wlfareInfoId=WLF00005442
전국,기타,장애인스포츠강좌이용권 지원,https://www.bokjiro.go.kr/ssis-tbu/twataa/wlfareInfo/moveTWAT52011M.do?wlfareInfoId=WLF00003173&wlfareInfoReldBztpCd=01
전국,정신건강,전국민 마음투자 지원사업,https://www.bokjiro.go.kr/ssis-tbu/twataa/wlfareInfo/moveTWAT52011M.do?wlfareInfoId=WLF00005567&wlfareInfoReldBztpCd=01
전국,생활지원,대중교통비 환급 지원(K-패스),https://www.bokjiro.go.kr/ssis-tbu/twataa/wlfareInfo/moveTWAT52011M.do?wlfareInfoId=WLF00005440
전국,기타,특별현금급여(가족요양비),https://www.bokjiro.go.kr/ssis-tbu/twataa/wlfareInfo/moveTWAT52011M.do?wlfareInfoId=WLF00001086
전국,기타,노인장기요양보험 복지용구 급여,https://www.bokjiro.go.kr/ssis-teu/twataa/wlfareInfo/moveTWAT52011M.do?wlfareInfoId=WLF00000103
전국,보호·돌봄,발달장애인 공공후견지원 사업,https://www.bokjiro.go.kr/ssis-teu/twataa/wlfareInfo/moveTWAT52011M.do?wlfareInfoId=WLF00000065
전국,일자리,"자활근로(기초, 차상위)",https://www.bokjiro.go.kr/ssis-tbu/twataa/wlfareInfo/moveTWAT52011M.do?wlfareInfoId=WLF00001138
전국,생활지원,기타 생계지원금 지급,https://www.bokjiro.go.kr/ssis-tbu/twataa/wlfareInfo/moveTWAT52011M.do?wlfareInfoId=WLF00004662&wlfareInfoReldBztpCd=01
전국,교육,국가기타 취업능력개발지원,https://www.bokjiro.go.kr/ssis-tbu/twataa/wlfareInfo/moveTWAT52011M.do?wlfareInfoId=WLF00003281
전국,보호·돌봄,노인보호전문기관,https://www.bokjiro.go.kr/ssis-teu/twataa/wlfareInfo/moveTWAT52011M.do?wlfareInfoId=WLF00003252
전국,신체건강,노인 무료인공관절 수술 지원 사업,https://www.bokjiro.go.kr/ssis-tbu/twataa/wlfareInfo/moveTWAT52011M.do?wlfareInfoId=WLF00001179
전국,신체건강,노인 안검진 및 개안수술,https://www.bokjiro.go.kr/ssis-teu/twataa/wlfareInfo/moveTWAT52011M.do?wlfareInfoId=WLF00001115&wlfareInfoReldBztpCd=01
전국,교육,직업능력개발운영(훈련수당),https://www.bokjiro.go.kr/ssis-tbu/twataa/wlfareInfo/moveTWAT52011M.do?wlfareInfoId=WLF00004651
전국,보호·돌봄,(산재근로자)케어센터지원,https://www.bokjiro.go.kr/ssis-teu/twataa/wlfareInfo/moveTWAT52011M.do?wlfareInfoId=WLF00004648
전국,일자리,산림보호지원단,https://www.bokjiro.go.kr/ssis-tbu/twataa/wlfareInfo/moveTWAT52011M.do?wlfareInfoId=WLF00003251
전국,신체건강,여성어업인 특화건강검진사업,https://www.bokjiro.go.kr/ssis-tbu/twataa/wlfareInfo/moveTWAT52011M.do?wlfareInfoId=WLF00005026&wlfareInfoReldBztpCd=01
전국,신체건강,의료급여수급권자 일반건강검진비 지원,https://www.bokjiro.go.kr/ssis-tbu/twataa/wlfareInfo/moveTWAT52011M.do?wlfareInfoId=WLF00003238&wlfareInfoReldBztpCd=01
전국,주거,(북한이탈주민)주택알선 지원,https://www.bokjiro.go.kr/ssis-teu/twataa/wlfareInfo/moveTWAT52011M.do?wlfareInfoId=WLF00000815&wlfareInfoReldBztpCd=01
전국,주거,내집마련 디딤돌 대출,https://www.bokjiro.go.kr/ssis-tbu/twataa/wlfareInfo/moveTWAT52011M.do?wlfareInfoId=WLF00003271&wlfareInfoReldBztpCd=01
전국,주거,버팀목전세자금대출,https://www.bokjiro.go.kr/ssis-tbu/twataa/wlfareInfo/moveTWAT52011M.do?wlfareInfoId=WLF00003222
전국,주거,주거안정 월세대출,https://www.bokjiro.go.kr/ssis-tbu/twataa/wlfareInfo/moveTWAT52011M.do?wlfareInfoId=WLF00001063
전국,생활지원,보훈요양원 이용지원,https://www.bokjiro.go.kr/ssis-tbu/twataa/wlfareInfo/moveTWAT52011M.do?wlfareInfoId=WLF00003243
전국,신체건강,장기요양급여이용지원,https://www.bokjiro.go.kr/ssis-tbu/twataa/wlfareInfo/moveTWAT52011M.do?wlfareInfoId=WLF00001170
전국,생활지원,노숙인등 복지지원,https://www.bokjiro.go.kr/ssis-tbu/twataa/wlfareInfo/moveTWAT52011M.do?wlfareInfoId=WLF00001152
전국,생활지원,양로지원,https://www.bokjiro.go.kr/ssis-teu/twataa/wlfareInfo/moveTWAT52011M.do?wlfareInfoId=WLF00000069
전국,생활지원,무공영예수당,https://www.bokjiro.go.kr/ssis-tbu/twataa/wlfareInfo/moveTWAT52011M.do?wlfareInfoId=WLF00000050
전국,생활지원,국민연금 출산크레딧,https://www.bokjiro.go.kr/ssis-tbu/twataa/wlfareInfo/moveTWAT52011M.do?wlfareInfoId=WLF00004647
전국,생활지원,주택담보노후연금보증,https://www.bokjiro.go.kr/ssis-tbu/twataa/wlfareInfo/moveTWAT52011M.do?wlfareInfoId=WLF00001108&wlfareInfoReldBztpCd=01
전국,생활지원,참전명예수당,https://www.bokjiro.go.kr/ssis-tbu/twataa/wlfareInfo/moveTWAT52011M.do?wlfareInfoId=WLF00003147&wlfareInfoReldBztpCd=02
전국,보호·돌봄,국가유공자재가복지지원,https://www.bokjiro.go.kr/ssis-teu/twataa/wlfareInfo/moveTWAT52011M.do?wlfareInfoId=WLF00000098&wlfareInfoReldBztpCd=01
전국,신체건강,고혈압·당뇨병 등록관리사업,https://www.bokjiro.go.kr/ssis-tbu/twataa/wlfareInfo/moveTWAT52011M.do?wlfareInfoId=WLF00000047
전국,일자리,중증장애인직업재활지원,https://www.bokjiro.go.kr/ssis-tbu/twataa/wlfareInfo/moveTWAT52011M.do?wlfareInfoId=WLF00003189
전국,기타,취약지역 어르신 문화누림,https://www.bokjiro.go.kr/ssis-tbu/twataa/wlfareInfo/moveTWAT52011M.do?wlfareInfoId=WLF00001111
전국,교육,농촌출신대학생학자금융자,https://www.bokjiro.go.kr/ssis-tbu/twataa/wlfareInfo/moveTWAT52011M.do?wlfareInfoId=WLF00001096
전국,교육,기타창업농장학금 지원,https://www.bokjiro.go.kr/ssis-tbu/twataa/wlfareInfo/moveTWAT52011M.do?wlfareInfoId=WLF00000812&wlfareInfoReldBztpCd=01
전국,일자리,장애인일자리지원,https://www.bokjiro.go.kr/ssis-tbu/twataa/wlfareInfo/moveTWAT52011M.do?wlfareInfoId=WLF00000025
전국,생활지원,노후긴급자금 대부사업,https://www.bokjiro.go.kr/ssis-tbu/twataa/wlfareInfo/moveTWAT52011M.do?wlfareInfoId=WLF00003241&wlfareInfoReldBztpCd=01
전국,신체건강,의료급여 틀니·치과임플란트,https://www.bokjiro.go.kr/ssis-teu/twataa/wlfareInfo/moveTWAT52011M.do?wlfareInfoId=WLF00001169
전국,보호·돌봄,노인맞춤돌봄서비스,https://www.bokjiro.go.kr/ssis-tbu/twataa/wlfareInfo/moveTWAT52011M.do?wlfareInfoId=WLF00003191&wlfareInfoReldBztpCd=01
전국,기타,통합문화이용권,https://www.bokjiro.go.kr/ssis-tbu/twataa/wlfareInfo/moveTWAT52011M.do?wlfareInfoId=WLF00000055&wlfareInfoReldBztpCd=01
전국,생활지원,국가유공자등대부지원,https://www.bokjiro.go.kr/ssis-tbu/twataa/wlfareInfo/moveTWAT52011M.do?wlfareInfoId=WLF00000048
전국,교육,평생교육바우처지원,https://www.bokjiro.go.kr/ssis-teu/twataa/wlfareInfo/moveTWAT52011M.do?wlfareInfoId=WLF00003240
전국,생활지원,영주귀국 사할린한인 정착비 및 시설운영지원,https://www.bokjiro.go.kr/ssis-tbu/twataa/wlfareInfo/moveTWAT52011M.do?wlfareInfoId=WLF00003230
전국,신체건강,암환자의료비지원,https://www.bokjiro.go.kr/ssis-teu/twataa/wlfareInfo/moveTWAT52011M.do?wlfareInfoId=WLF00001184&wlfareInfoReldBztpCd=01
전국,생활지원,소상공인지원(융자),https://www.bokjiro.go.kr/ssis-tbu/twataa/wlfareInfo/moveTWAT52011M.do?wlfareInfoId=WLF00000058
전국,일자리,고령자 고용지원금,https://www.bokjiro.go.kr/ssis-tbu/twataa/wlfareInfo/moveTWAT52011M.do?wlfareInfoId=WLF00004660&wlfareInfoReldBztpCd=01
전국,생활지원,노인복지민간단체지원,https://www.bokjiro.go.kr/ssis-tbu/twataa/wlfareInfo/moveTWAT52011M.do?wlfareInfoId=WLF00000033&wlfareInfoReldBztpCd=01
전국,생활지원,국가유공자 등 LPG차량 세금인상분지원,https://www.bokjiro.go.kr/ssis-tbu/twataa/wlfareInfo/moveTWAT52011M.do?wlfareInfoId=WLF00001122
전국,보호·돌봄,중앙노인돌봄지원기관 운영지원,https://www.bokjiro.go.kr/ssis-tbu/twataa/wlfareInfo/moveTWAT52011M.do?wlfareInfoId=WLF00001181&wlfareInfoReldBztpCd=01
전국,일자리,재취업지원서비스 시행지원,https://www.bokjiro.go.kr/ssis-tbu/twataa/wlfareInfo/moveTWAT52011M.do?wlfareInfoId=WLF00001156
전국,일자리,여성창업액셀러레이팅,https://www.bokjiro.go.kr/ssis-teu/twataa/wlfareInfo/moveTWAT52011M.do?wlfareInfoId=WLF00000975
전국,보호·돌봄,재가급여,https://www.bokjiro.go.kr/ssis-teu/twataa/wlfareInfo/moveTWAT52011M.do?wlfareInfoId=WLF00003248
전국,일자리,기타 기술창업센터 지원사업,https://www.bokjiro.go.kr/ssis-teu/twataa/wlfareInfo/moveTWAT52011M.do?wlfareInfoId=WLF00003205
전국,보호·돌봄,시설급여,https://www.bokjiro.go.kr/ssis-tbu/twataa/wlfareInfo/moveTWAT52011M.do?wlfareInfoId=WLF00003194
전국,보호·돌봄,장기요양 본인부담금 감경,https://www.bokjiro.go.kr/ssis-teu/twataa/wlfareInfo/moveTWAT52011M.do?wlfareInfoId=WLF00001177
전국,신체건강,전립선등 노인성질환 예방관리,https://www.bokjiro.go.kr/ssis-tbu/twataa/wlfareInfo/moveTWAT52011M.do?wlfareInfoId=WLF00003280
전국,생활지원,어업인 안전보험,https://www.bokjiro.go.kr/ssis-tbu/twataa/wlfareInfo/moveTWAT52011M.do?wlfareInfoId=WLF00005446
전국,일자리,여성기업 판로지원,https://www.bokjiro.go.kr/ssis-teu/twataa/wlfareInfo/moveTWAT52011M.do?wlfareInfoId=WLF00000922
전국,일자리,여성기업종합지원센터운영,https://www.bokjiro.go.kr/ssis-teu/twataa/wlfareInfo/moveTWAT52011M.do?wlfareInfoId=WLF00000075
전국,보호·돌봄,노후준비서비스,https://www.bokjiro.go.kr/ssis-teu/twataa/wlfareInfo/moveTWAT52011M.do?wlfareInfoId=WLF00000031&wlfareInfoReldBztpCd=01
전국,신체건강,한센인 피해자지원,https://www.bokjiro.go.kr/ssis-tbu/twataa/wlfareInfo/moveTWAT52011M.do?wlfareInfoId=WLF00003215
전국,생활지원,독거노인·장애인 응급안전안심서비스,https://www.bokjiro.go.kr/ssis-teu/twataa/wlfareInfo/moveTWAT52011M.do?wlfareInfoId=WLF00001093
전국,교육,장기복무제대군인수업료지원,https://www.bokjiro.go.kr/ssis-tbu/twataa/wlfareInfo/moveTWAT52011M.do?wlfareInfoId=WLF00001073&wlfareInfoReldBztpCd=01
전국,신체건강,의사상자지원,https://www.bokjiro.go.kr/ssis-tbu/twataa/wlfareInfo/moveTWAT52011M.do?wlfareInfoId=WLF00003272&wlfareInfoReldBztpCd=01
전국,신체건강,재난적의료비 지원 사업,https://www.bokjiro.go.kr/ssis-tbu/twataa/wlfareInfo/moveTWAT52011M.do?wlfareInfoId=WLF00003247
전국,일자리,국민취업지원제도,https://www.bokjiro.go.kr/ssis-tbu/twataa/wlfareInfo/moveTWAT52011M.do?wlfareInfoId=WLF00003245
전국,일자리,공공산림가꾸기,https://www.bokjiro.go.kr/ssis-tbu/twataa/wlfareInfo/moveTWAT52011M.do?wlfareInfoId=WLF00001149&wlfareInfoReldBztpCd=01
전국,주거,공공분양,https://www.bokjiro.go.kr/ssis-teu/twataa/wlfareInfo/moveTWAT52011M.do?wlfareInfoId=WLF00000057&wlfareInfoReldBztpCd=01
전국,생활지원,독립유공자 제수비 지급,https://www.bokjiro.go.kr/ssis-teu/twataa/wlfareInfo/moveTWAT52011M.do?wlfareInfoId=WLF00000038&wlfareInfoReldBztpCd=01
전국,주거,행복주택 공급,https://www.bokjiro.go.kr/ssis-tbu/twataa/wlfareInfo/moveTWAT52011M.do?wlfareInfoId=WLF00004649
전국,주거,통합공공임대,https://www.bokjiro.go.kr/ssis-tbu/twataa/wlfareInfo/moveTWAT52011M.do?wlfareInfoId=WLF00004663
전국,기타,큰글자책 보급 지원,https://www.bokjiro.go.kr/ssis-tbu/twataa/wlfareInfo/moveTWAT52011M.do?wlfareInfoId=WLF00001100&wlfareInfoReldBztpCd=01
경남,서민금융,일본군위안부피해자 생활안정지원 사업,https://www.bokjiro.go.kr/ssis-tbu/twataa/wlfareInfo/moveTWAT52011M.do?wlfareInfoId=WLF00000717&wlfareInfoReldBztpCd=02
경남,생활지원,참전명예수당,https://www.bokjiro.go.kr/ssis-teu/twataa/wlfareInfo/moveTWAT52011M.do?wlfareInfoId=WLF00001735
경남,기타,만 65세 이상 대상포진 예방접종 지원사업,https://www.bokjiro.go.kr/ssis-tbu/twataa/wlfareInfo/moveTWAT52011M.do?wlfareInfoId=WLF00003983&wlfareInfoReldBztpCd=02
경남,신체건강,치매환자 임원치료비지원,https://www.bokjiro.go.kr/ssis-tbu/twataa/wlfareInfo/moveTWAT52011M.do?wlfareInfoId=WLF00000208&wlfareInfoReldBztpCd=02
경남,기타,장기요양서비스 이용자 본인일부 부담금 지원,https://www.bokjiro.go.kr/ssis-teu/twataa/wlfareInfo/moveTWAT52011M.do?wlfareInfoId=WLF00001177
경남,기타,주거환경개선(수도 신규급수공사 비용 지원),https://www.bokjiro.go.kr/ssis-tbu/twataa/wlfareInfo/moveTWAT52011M.do?wlfareInfoId=WLF00002918&wlfareInfoReldBztpCd=02
경남,기타,저소득 주민 건강보험료 및 장기요양보험료 지원,https://www.bokjiro.go.kr/ssis-tbu/twataa/wlfareInfo/moveTWAT52011M.do?wlfareInfoId=WLF00002917&wlfareInfoReldBztpCd=02
경남,기타,효도수당 지급,https://www.bokjiro.go.kr/ssis-tbu/twataa/wlfareInfo/moveTWAT52011M.do?wlfareInfoId=WLF00000402
경남,기타,결혼이민자 국적취득 수수료 지원사업,https://www.bokjiro.go.kr/ssis-tbu/twataa/wlfareInfo/moveTWAT52011M.do?wlfareInfoId=WLF00005608&wlfareInfoReldBztpCd=02
경남,기타,국가기타 진료비 지원,https://www.bokjiro.go.kr/ssis-tbu/twataa/wlfareInfo/moveTWAT52011M.do?wlfareInfoId=WLF00004318
경남,안전·위기,장수노인 장제비 지원,https://www.bokjiro.go.kr/ssis-tbu/twataa/wlfareInfo/moveTWAT52011M.do?wlfareInfoId=WLF00004270&wlfareInfoReldBztpCd=02
경남,기타,노인가장세대 지원,https://www.bokjiro.go.kr/ssis-tbu/twataa/wlfareInfo/moveTWAT52011M.do?wlfareInfoId=WLF00004030
경남,기타,"불우세대 설, 추석 위문",https://www.bokjiro.go.kr/ssis-tbu/twataa/wlfareInfo/moveTWAT52011M.do?wlfareInfoId=WLF00004419
경남,기타,보훈예우수당 지원,https://www.bokjiro.go.kr/ssis-teu/twataa/wlfareInfo/moveTWAT52011M.do?wlfareInfoId=WLF00004399
경남,기타,보훈가족 명절 위문,https://www.bokjiro.go.kr/ssis-teu/twataa/wlfareInfo/moveTWAT52011M.do?wlfareInfoId=WLF00004321
경남,기타,통영시 노인 목욕비 및 이·미용비 지원 사업,https://www.bokjiro.go.kr/ssis-teu/twataa/wlfareInfo/moveTWAT52011M.do?wlfareInfoId=WLF00003958
경남,일자리,노인일자리사업(읍면확대),https://www.bokjiro.go.kr/ssis-tbu/twataa/wlfareInfo/moveTWAT52011M.do?wlfareInfoId=WLF00003303
경남,기타,4·19혁명국가유공자 등 생활지원금 지급,https://www.bokjiro.go.kr/ssis-teu/twataa/wlfareInfo/moveTWAT52011M.do?wlfareInfoId=WLF00002899
경남,기타,사랑나누미 빨래방 운영,https://www.bokjiro.go.kr/ssis-tbu/twataa/wlfareInfo/moveTWAT52011M.do?wlfareInfoId=WLF00004419
경남,기타,보훈가족 전적지순례 참석보상,https://www.bokjiro.go.kr/ssis-tbu/twataa/wlfareInfo/moveTWAT52011M.do?wlfareInfoId=WLF00000509
경남,기타,노인건강진단,https://www.bokjiro.go.kr/ssis-tbu/twataa/wlfareInfo/moveTWAT52011M.do?wlfareInfoId=WLF00001754&wlfareInfoReldBztpCd=02
경남,서민금융,장수수당,https://www.bokjiro.go.kr/ssis-tbu/twataa/wlfareInfo/moveTWAT52011M.do?wlfareInfoId=WLF00000109&wlfareInfoReldBztpCd=02
경남,서민금융,저소득주민 건강보험료 지원,https://www.bokjiro.go.kr/ssis-tbu/twataa/wlfareInfo/moveTWAT52011M.do?wlfareInfoId=WLF00000105&wlfareInfoReldBztpCd=02
경남,서민금융,장수축하금 지급,https://www.bokjiro.go.kr/ssis-teu/twataa/wlfareInfo/moveTWAT52011M.do?wlfareInfoId=WLF00005690
경남,안전·위기,재가노인 식사배달사업,https://www.bokjiro.go.kr/ssis-tbu/twataa/wlfareInfo/moveTWAT52011M.do?wlfareInfoId=WLF00005689
경남,서민금융,장수축하금 지급,https://www.bokjiro.go.kr/ssis-teu/twataa/wlfareInfo/moveTWAT52011M.do?wlfareInfoId=WLF00005611
경남,서민금융,무료경로식당,https://www.bokjiro.go.kr/ssis-teu/twataa/wlfareInfo/moveTWAT52011M.do?wlfareInfoId=WLF00004992
경남,기타,공공근로사업,https://www.bokjiro.go.kr/ssis-tbu/twataa/wlfareInfo/moveTWAT52011M.do?wlfareInfoId=WLF00003945
경남,기타,행려자 귀향여비 지원,https://www.bokjiro.go.kr/ssis-tbu/twataa/wlfareInfo/moveTWAT52011M.do?wlfareInfoId=WLF00003343
경남,기타,무연고자 관리,https://www.bokjiro.go.kr/ssis-teu/twataa/wlfareInfo/moveTWAT52011M.do?wlfareInfoId=WLF00003312
경남,기타,저소득층 건강보험료 지원,https://www.bokjiro.go.kr/ssis-tbu/twataa/wlfareInfo/moveTWAT52011M.do?wlfareInfoId=WLF00000105&wlfareInfoReldBztpCd=02
경남,안전·위기,어려운 계층 위문,https://www.bokjiro.go.kr/ssis-teu/twataa/wlfareInfo/moveTWAT52011M.do?wlfareInfoId=WLF00002914&wlfareInfoReldBztpCd=02
경남,기타,사천시 미등록 경로당 지원 사업,https://www.bokjiro.go.kr/ssis-teu/twataa/wlfareInfo/moveTWAT52011M.do?wlfareInfoId=WLF00002849
경남,기타,취약계층 주거환경 개선사업,https://www.bokjiro.go.kr/ssis-tbu/twataa/wlfareInfo/moveTWAT52011M.do?wlfareInfoId=WLF00004546
경남,기타,결혼이민자 기능자격취득 사업,https://www.bokjiro.go.kr/ssis-tbu/twataa/wlfareInfo/moveTWAT52011M.do?wlfareInfoId=WLF00004218
경남,기타,저소득결식노인 식사배달사업,https://www.bokjiro.go.kr/ssis-tbu/twataa/wlfareInfo/moveTWAT52011M.do?wlfareInfoId=WLF00004043
경남,서민금융,독거노인 공동거주제 운영 지원,https://www.bokjiro.go.kr/ssis-tbu/twataa/wlfareInfo/moveTWAT52011M.do?wlfareInfoId=WLF00000177
경남,기타,탈시설장애인 임시거처비 지원,https://www.bokjiro.go.kr/ssis-teu/twataa/wlfareInfo/moveTWAT52011M.do?wlfareInfoId=WLF00003017
경남,기타,장애인 보조기기 및 편의설비 지원,https://www.bokjiro.go.kr/ssis-tbu/twataa/wlfareInfo/moveTWAT52011M.do?wlfareInfoId=WLF00000145
경남,기타,휠체어택시 운영,https://www.bokjiro.go.kr/ssis-tbu/twataa/wlfareInfo/moveTWAT52011M.do?wlfareInfoId=WLF00000581&wlfareInfoReldBztpCd=02
경남,서민금융,저소득층 위문,https://www.bokjiro.go.kr/ssis-tbu/twataa/wlfareInfo/moveTWAT52011M.do?wlfareInfoId=WLF00000573&wlfareInfoReldBztpCd=02
경남,기타,참전유공자 및 전몰군경 유족 수당,https://www.bokjiro.go.kr/ssis-tbu/twataa/wlfareInfo/moveTWAT52011M.do?wlfareInfoId=WLF00003382
경남,기타,저소득층 건강보험료 지원,https://www.bokjiro.go.kr/ssis-tbu/twataa/wlfareInfo/moveTWAT52011M.do?wlfareInfoId=WLF00003066
경남,기타,저소득노인 무료급식(경로식당 운영),https://www.bokjiro.go.kr/ssis-tbu/twataa/wlfareInfo/moveTWAT52011M.do?wlfareInfoId=WLF00004594
경남,기타,재가노인 식사배달사업,https://www.bokjiro.go.kr/ssis-tbu/twataa/wlfareInfo/moveTWAT52011M.do?wlfareInfoId=WLF00001882
경남,안전·위기,화장장려금 지원,https://www.bokjiro.go.kr/ssis-tbu/twataa/wlfareInfo/moveTWAT52011M.do?wlfareInfoId=WLF00004599
경남,신체건강,당뇨합병증 검사비 지원,https://www.bokjiro.go.kr/ssis-tbu/twataa/wlfareInfo/moveTWAT52011M.do?wlfareInfoId=WLF00004323
경남,서민금융,결혼이민자 국적취득 보상금 지원,https://www.bokjiro.go.kr/ssis-tbu/twataa/wlfareInfo/moveTWAT52011M.do?wlfareInfoId=WLF00001262&wlfareInfoReldBztpCd=02
경남,서민금융,저소득층 국민건강보험료 및 노인장기요양보험료 지원,https://www.bokjiro.go.kr/ssis-tbu/twataa/wlfareInfo/moveTWAT52011M.do?wlfareInfoId=WLF00002969
경남,입양·위탁,여성결혼이민자 운전면허 및 자격취득비 지원,https://www.bokjiro.go.kr/ssis-tbu/twataa/wlfareInfo/moveTWAT52011M.do?wlfareInfoId=WLF00000506
경남,기타,저소득 재가노인 식사배달,https://www.bokjiro.go.kr/ssis-tbu/twataa/wlfareInfo/moveTWAT52011M.do?wlfareInfoId=WLF00000504
경남,서민금융,장애인 명절위문,https://www.bokjiro.go.kr/ssis-tbu/twataa/wlfareInfo/moveTWAT52011M.do?wlfareInfoId=WLF00004593
경남,기타,실버가요제,https://www.bokjiro.go.kr/ssis-tbu/twataa/wlfareInfo/moveTWAT52011M.do?wlfareInfoId=WLF00004573
경남,기타,참전명예수당,https://www.bokjiro.go.kr/ssis-tbu/twataa/wlfareInfo/moveTWAT52011M.do?wlfareInfoId=WLF00003957
경남,서민금융,저소득주민 건강보험료 지원,https://www.bokjiro.go.kr/ssis-tbu/twataa/wlfareInfo/moveTWAT52011M.do?wlfareInfoId=WLF00002887
경남,기타,중증장애인 부가급여(시자체),https://www.bokjiro.go.kr/ssis-tbu/twataa/wlfareInfo/moveTWAT52011M.do?wlfareInfoId=WLF00000312&wlfareInfoReldBztpCd=02
경남,기타,경남장애인신문 보급사업,https://www.bokjiro.go.kr/ssis-tbu/twataa/wlfareInfo/moveTWAT52011M.do?wlfareInfoId=WLF00000309
경남,서민금융,재가중증장애수당지급,https://www.bokjiro.go.kr/ssis-tbu/twataa/wlfareInfo/moveTWAT52011M.do?wlfareInfoId=WLF00000240&wlfareInfoReldBztpCd=02
경남,기타,저소득 장애인부모 건강검진비 지원,https://www.bokjiro.go.kr/ssis-tbu/twataa/wlfareInfo/moveTWAT52011M.do?wlfareInfoId=WLF00005772
경남,기타,노인가장세대 지원,https://www.bokjiro.go.kr/ssis-tbu/twataa/wlfareInfo/moveTWAT52011M.do?wlfareInfoId=WLF00001702
경남,기타,거동불편노인 식사배달 지원사업,https://www.bokjiro.go.kr/ssis-tbu/twataa/wlfareInfo/moveTWAT52011M.do?wlfareInfoId=WLF00006032
경남,기타,노인 목욕비 및 이미용비 지원,https://www.bokjiro.go.kr/ssis-tbu/twataa/wlfareInfo/moveTWAT52011M.do?wlfareInfoId=WLF00004526
경남,기타,무료빨래방 지원사업,https://www.bokjiro.go.kr/ssis-tbu/twataa/wlfareInfo/moveTWAT52011M.do?wlfareInfoId=WLF00000542&wlfareInfoReldBztpCd=02
경남,기타,고성군 긴급돌봄 SOS센터 운영,https://www.bokjiro.go.kr/ssis-tbu/twataa/wlfareInfo/moveTWAT52011M.do?wlfareInfoId=WLF00005594
경남,기타,대상포진 예방접종사업,https://www.bokjiro.go.kr/ssis-tbu/twataa/wlfareInfo/moveTWAT52011M.do?wlfareInfoId=WLF00005522&wlfareInfoReldBztpCd=02
경남,기타,생활민원 처리반 운영,https://www.bokjiro.go.kr/ssis-tbu/twataa/wlfareInfo/moveTWAT52011M.do?wlfareInfoId=WLF00005272
경남,서민금융,저소득계층 사회서비스 지원,https://www.bokjiro.go.kr/ssis-tbu/twataa/wlfareInfo/moveTWAT52011M.do?wlfareInfoId=WLF00004530
경남,서민금융,공공근로사업,https://www.bokjiro.go.kr/ssis-teu/twataa/wlfareInfo/moveTWAT52011M.do?wlfareInfoId=WLF00004510
경남,서민금융,부랑인 및 노숙자보호,https://www.bokjiro.go.kr/ssis-tbu/twataa/wlfareInfo/moveTWAT52011M.do?wlfareInfoId=WLF00004501
경남,서민금융,2025년 밀양시 대상포진 예방접종 지원사업,https://www.bokjiro.go.kr/ssis-tbu/twataa/wlfareInfo/moveTWAT52011M.do?wlfareInfoId=WLF00005971
경남,기타,장수축하돌품 지원,https://www.bokjiro.go.kr/ssis-tbu/twataa/wlfareInfo/moveTWAT52011M.do?wlfareInfoId=WLF00005682
경남,기타,교통약자 버스이용요금 무료화,https://www.bokjiro.go.kr/ssis-tbu/twataa/wlfareInfo/moveTWAT52011M.do?wlfareInfoId=WLF00005654
경남,안전·위기,재가결식노인 식사배달사업,https://www.bokjiro.go.kr/ssis-tbu/twataa/wlfareInfo/moveTWAT52011M.do?wlfareInfoId=WLF00004394
경남,서민금융,3세대 효드림수당 지원,https://www.bokjiro.go.kr/ssis-tbu/twataa/wlfareInfo/moveTWAT52011M.do?wlfareInfoId=WLF00004291
경남,서민금융,효도수당 지원,https://www.bokjiro.go.kr/ssis-tbu/twataa/wlfareInfo/moveTWAT52011M.do?wlfareInfoId=WLF00004290
경남,서민금융,장수노인 장제비 지원사업,https://www.bokjiro.go.kr/ssis-tbu/twataa/wlfareInfo/moveTWAT52011M.do?wlfareInfoId=WLF00004224&wlfareInfoReldBztpCd=02
경남,서민금융,공공근로사업,https://www.bokjiro.go.kr/ssis-tbu/twataa/wlfareInfo/moveTWAT52011M.do?wlfareInfoId=WLF00004165
경남,기타,어려운 세대 동지팥죽 나누기사업,https://www.bokjiro.go.kr/ssis-tbu/twataa/wlfareInfo/moveTWAT52011M.do?wlfareInfoId=WLF00003368
경남,기타,밀양시 저소득주민 국민건강보험료 및 노인장기요양보험료 지원 사업,https://www.bokjiro.go.kr/ssis-tbu/twataa/wlfareInfo/moveTWAT52011M.do?wlfareInfoId=WLF00004499
경남,서민금융,보훈가족 및 국가유공자 지원,https://www.bokjiro.go.kr/ssis-tbu/twataa/wlfareInfo/moveTWAT52011M.do?wlfareInfoId=WLF00004447
경남,기타,부랑인노숙자차마임지급,https://www.bokjiro.go.kr/ssis-tbu/twataa/wlfareInfo/moveTWAT52011M.do?wlfareInfoId=WLF00004400
경남,기타,노인건강진단,https://www.bokjiro.go.kr/ssis-tbu/twataa/wlfareInfo/moveTWAT52011M.do?wlfareInfoId=WLF00000339
경남,서민금융,독립유공자 장제비지원,https://www.bokjiro.go.kr/ssis-tbu/twataa/wlfareInfo/moveTWAT52011M.do?wlfareInfoId=WLF00000248&wlfareInfoReldBztpCd=02
경남,기타,장애인의 날 행사 지원,https://www.bokjiro.go.kr/ssis-tbu/twataa/wlfareInfo/moveTWAT52011M.do?wlfareInfoId=WLF00000244
경남,서민금융,저소득층 명절위문,https://www.bokjiro.go.kr/ssis-tbu/twataa/wlfareInfo/moveTWAT52011M.do?wlfareInfoId=WLF00000372
경남,기타,장애인가족휴식,https://www.bokjiro.go.kr/ssis-tbu/twataa/wlfareInfo/moveTWAT52011M.do?wlfareInfoId=WLF00000344
경남,기타,시각장애인 사물놀이교실,https://www.bokjiro.go.kr/ssis-tbu/twataa/wlfareInfo/moveTWAT52011M.do?wlfareInfoId=WLF00000342
경남,서민금융,저소득 주민 국민건강보험료 및 노인장기요양보험료 지원,https://www.bokjiro.go.kr/ssis-tbu/twataa/wlfareInfo/moveTWAT52011M.do?wlfareInfoId=WLF00001922
경남,안전·위기,무료경로식당 운영,https://www.bokjiro.go.kr/ssis-tbu/twataa/wlfareInfo/moveTWAT52011M.do?wlfareInfoId=WLF00001706
경남,서민금융,저소득계층 사회서비스 지원(행려인),https://www.bokjiro.go.kr/ssis-tbu/twataa/wlfareInfo/moveTWAT52011M.do?wlfareInfoId=WLF00000610
경남,서민금융,저소득층 노인 대상포진 예방접종,https://www.bokjiro.go.kr/ssis-tbu/twataa/wlfareInfo/moveTWAT52011M.do?wlfareInfoId=WLF00000214&wlfareInfoReldBztpCd=02
경남,서민금융,응급구호,https://www.bokjiro.go.kr/ssis-tbu/twataa/wlfareInfo/moveTWAT52011M.do?wlfareInfoId=WLF00000121
경남,기타,저소득노인 이미용바우처 지원사업,https://www.bokjiro.go.kr/ssis-tbu/twataa/wlfareInfo/moveTWAT52011M.do?wlfareInfoId=WLF00005184
경남,기타,찾아가는 이동목욕서비스 운영,https://www.bokjiro.go.kr/ssis-tbu/twataa/wlfareInfo/moveTWAT52011M.do?wlfareInfoId=WLF00000415
경남,기타,장애인활동지원 시 추가지원,https://www.bokjiro.go.kr/ssis-tbu/twataa/wlfareInfo/moveTWAT52011M.do?wlfareInfoId=WLF00002032
경남,안전·위기,어려운 세대 밀반찬 지원사업,https://www.bokjiro.go.kr/ssis-tbu/twataa/wlfareInfo/moveTWAT52011M.do?wlfareInfoId=WLF00000212
경남,기타,독거노인 공동거주시설 지원,https://www.bokjiro.go.kr/ssis-tbu/twataa/wlfareInfo/moveTWAT52011M.do?wlfareInfoId=WLF00004429
경남,서민금융,"중증장애인세대위문(설,추석)",https://www.bokjiro.go.kr/ssis-tbu/twataa/wlfareInfo/moveTWAT52011M.do?wlfareInfoId=WLF00003088
경남,기타,장애인활동지원 시 추가,https://www.bokjiro.go.kr/ssis-tbu/twataa/wlfareInfo/moveTWAT52011M.do?wlfareInfoId=WLF00000501
경남,서민금융,3대이상 가정 효도수당 지원,https://www.bokjiro.go.kr/ssis-teu/twataa/wlfareInfo/moveTWAT52011M.do?wlfareInfoId=WLF00003345&wlfareInfoReldBztpCd=02
경남,기타,기초생활수급자 쓰레기봉투 지원,https://www.bokjiro.go.kr/ssis-tbu/twataa/wlfareInfo/moveTWAT52011M.do?wlfareInfoId=WLF00002983
경남,서민금융,기초생활수급자 명절위문,https://www.bokjiro.go.kr/ssis-tbu/twataa/wlfareInfo/moveTWAT52011M.do?wlfareInfoId=WLF00001832
경남,입양·위탁,사랑의 김장나누기 사업,https://www.bokjiro.go.kr/ssis-tbu/twataa/wlfareInfo/moveTWAT52011M.do?wlfareInfoId=WLF00000276
경남,안전·위기,결식우려노인 식사배달사업,https://www.bokjiro.go.kr/ssis-tbu/twataa/wlfareInfo/moveTWAT52011M.do?wlfareInfoId=WLF00000209
경남,기타,장애인 전자신문 보급사업,https://www.bokjiro.go.kr/ssis-tbu/twataa/wlfareInfo/moveTWAT52011M.do?wlfareInfoId=WLF00005890
경남,서민금융,저소득층 국민건강보험료 지원,https://www.bokjiro.go.kr/ssis-tbu/twataa/wlfareInfo/moveTWAT52011M.do?wlfareInfoId=WLF00004604
경남,서민금융,가출 여성 보호,https://www.bokjiro.go.kr/ssis-tbu/twataa/wlfareInfo/moveTWAT52011M.do?wlfareInfoId=WLF00004428
경남,서민금융,장수수당지원,https://www.bokjiro.go.kr/ssis-tbu/twataa/wlfareInfo/moveTWAT52011M.do?wlfareInfoId=WLF00003370
경남,서민금융,장사등에 관한 지원,https://www.bokjiro.go.kr/ssis-tbu/twataa/wlfareInfo/moveTWAT52011M.do?wlfareInfoId=WLF00002866
경남,서민금융,2024년 국가자격증 취득 지원사업,https://www.bokjiro.go.kr/ssis-tbu/twataa/wlfareInfo/moveTWAT52011M.do?wlfareInfoId=WLF00005540&wlfareInfoReldBztpCd=02
경남,서민금융,공공근로사업,https://www.bokjiro.go.kr/ssis-tbu/twataa/wlfareInfo/moveTWAT52011M.do?wlfareInfoId=WLF00003301
경남,서민금융,저소득틈새지원사업,https://www.bokjiro.go.kr/ssis-tbu/twataa/wlfareInfo/moveTWAT52011M.do?wlfareInfoId=WLF00003342
경남,안전·위기,이재민 구호,https://www.bokjiro.go.kr/ssis-tbu/twataa/wlfareInfo/moveTWAT52011M.do?wlfareInfoId=WLF00000609
경남,에너지,독거어르신 월동용품 지원사업,https://www.bokjiro.go.kr/ssis-tbu/twataa/wlfareInfo/moveTWAT52011M.do?wlfareInfoId=WLF00000124
경남,기타,노인무료급식제공,https://www.bokjiro.go.kr/ssis-tbu/twataa/wlfareInfo/moveTWAT52011M.do?wlfareInfoId=WLF00004322
경남,기타,노인건강진단,https://www.bokjiro.go.kr/ssis-tbu/twataa/wlfareInfo/moveTWAT52011M.do?wlfareInfoId=WLF00002944
경남,기타,노인여가선용사업,https://www.bokjiro.go.kr/ssis-tbu/twataa/wlfareInfo/moveTWAT52011M.do?wlfareInfoId=WLF00000123
경남,서민금융,화장장려금 지원,https://www.bokjiro.go.kr/ssis-tbu/twataa/wlfareInfo/moveTWAT52011M.do?wlfareInfoId=WLF00004427
경남,서민금융,도비 장애수당 지원,https://www.bokjiro.go.kr/ssis-teu/twataa/wlfareInfo/moveTWAT52011M.do?wlfareInfoId=WLF00003966
경남,기타,사랑의주택보수,https://www.bokjiro.go.kr/ssis-tbu/twataa/wlfareInfo/moveTWAT52011M.do?wlfareInfoId=WLF00004420
경남,일자리,기타기술창업수당,https://www.bokjiro.go.kr/ssis-tbu/twataa/wlfareInfo/moveTWAT52011M.do?wlfareInfoId=WLF00001677
경남,기타,보훈단체지원,https://www.bokjiro.go.kr/ssis-tbu/twataa/wlfareInfo/moveTWAT52011M.do?wlfareInfoId=WLF00003326
